<?xml version="1.0" encoding="UTF-8"?>
<project-private xmlns="http://www.netbeans.org/ns/project-private/1">
    <editor-bookmarks xmlns="http://www.netbeans.org/ns/editor-bookmarks/2" lastBookmarkId="0"/>
    <open-files xmlns="http://www.netbeans.org/ns/projectui-open-files/2">
        <group>
            <file>file:/E:/dd/AplikasiAdministrasiNilai/src/model/Mahasiswa.java</file>
            <file>file:/E:/dd/AplikasiAdministrasiNilai/src/view/FormMhs.java</file>
            <file>file:/E:/dd/AplikasiAdministrasiNilai/src/controler/MahasiswaController.java</file>
            <file>file:/E:/dd/AplikasiAdministrasiNilai/src/view/FormLihatMahasiswa.java</file>
        </group>
    </open-files>
</project-private>
